USE HotelReservation;

INSERT INTO Zip (ZipID, City, State)
	VALUES 
		('55343', 'Hopkins', 'MN'),
        ('51501', 'Council Bluffs', 'IA'),
        ('99654', 'Wasilla', 'AK'),
        ('78552', 'Harlingen', 'TX'),
        ('08096', 'West Deptford', 'NJ'),
        ('48601', 'Saginaw', 'MI'),
        ('80003', 'Arvada', 'CO'),
        ('60099', 'Zion', 'IL'),
        ('02864', 'Cumberland', 'RI'),
        ('13126', 'Oswego', 'NY'),
        ('22015', 'Burke', 'VA'),
        ('19026', 'Drexel Hill', 'PA');
        
INSERT INTO Address (AddressID, StreetNumber, StreetName, ZipID)
	VALUES
		(1, '1208', 'Wagon Wheel Rd.', '55343'),
        (2, '379', 'Old Shore St.', '51501'),
        (3, '750', 'Wintergreen Dr.', '99654'),
        (4, '9662', 'Foxrun Ln.', '78552'),
        (5, '9378', 'W. Augusta Ave.', '08096'),
        (6, '762', 'Wild Rose St.', '48601'),
        (7, '7', 'Poplar Dr.', '80003'),
        (8, '70', 'Oakwood St.', '60099'),
        (9, '7556', 'Arrowhead St.', '02864'),
        (10, '77', 'West Surrey St.', '13126'),
        (11, '939', 'Linda Rd.', '22015'),
        (12, '87', 'Queen St.', '19026');
        
INSERT INTO Guest (GuestID, FirstName, LastName, Phone, AddressID)
	VALUES
		(1, 'Ben', 'Rickel', '(612) 239-9874', 1),
        (2, 'Mack', 'Simmer', '(291) 553-0508', 2),
        (3, 'Bettyann', 'Seery', '(478) 277-9632', 3),
        (4, 'Duane', 'Cullison', '(308) 494-0198', 4),
        (5, 'Karie', 'Yang', '(214) 730-0298', 5),
        (6, 'Aurore', 'Lipton', '(377) 507-0974', 6),
        (7, 'Zachery', 'Luechtefeld', '(814) 485-2615', 7),
        (8, 'Jeremiah', 'Pendergrass', '(279) 491-0960', 8),
        (9, 'Walter', 'Holaway', '(446) 396-6785', 9),
        (10, 'Wilfred', 'Vise', '(834) 727-1001', 10),
        (11, 'Maritza', 'Tilton', '(446) 351-6860', 11),
        (12, 'Joleen', 'Tison', '(231) 893-2755', 12);
        
INSERT INTO Amenity (AmenityID, AmenityType, JacuzziCharge)
	VALUES
		(1, 'Refrigerator', 00.00),
        (2, 'Microwave', 00.00),
		(3, 'Oven', 00.00),
        (4, 'Jacuzzi', 25.00);
        
INSERT INTO RoomType (RoomTypeID, RoomType, StandardOccupancy, MaximumOccupancy, ExtraGuestCharge, BasePrice)
	VALUES
		(1, 'Single', 2, 2, 00.00, 149.99),
        (2, 'Double', 2, 4, 10.00, 174.99),
        (3, 'Suite', 3, 8, 20.00, 399.99);
                
INSERT INTO Room (RoomID, ADAAccessible, RoomTypeID)
	VALUES
		(201, 0, 2),(202, 1, 2),(203, 0, 2),
        (204, 1, 2),(205, 0, 1),(206, 1, 1),
        (207, 0, 1),(208, 1, 1),(301, 0, 2),
        (302, 1, 2),(303, 0, 2),(304, 1, 2),
        (305, 0, 1),(306, 1, 1),(307, 0, 1),
        (308, 1, 1),(401, 1, 3),(402, 1, 3);
        
INSERT INTO RoomAmenity (AmenityID, RoomID)
	VALUES
    (2, 201),(4, 201),(1, 202),(2, 203),(4, 203),
    (2, 205),(1, 205),(4, 205),(2, 206),(1, 206),
    (2, 207),(1, 207),(4, 207),(2, 208),(1, 208),
    (2, 301),(4, 301),(1, 302),(2, 303),(4, 303),
    (1, 304),(2, 305),(1, 305),(4, 305),(2, 306),
    (1, 306),(2, 307),(1, 307),(4, 307),(2, 308),
    (1, 308),(2, 401),(1, 401),(3, 401),(2, 402),
    (1, 402),(3, 402);
        
INSERT INTO Reservation (ReservationID, StartDate, EndDate, Adults, Children, TotalRoomCost, GuestID, RoomID)
	VALUES
        (1, '2023-02-02', '2023-02-04', 1, 0, 299.98, 2, 308),
        (2, '2023-02-05', '2023-02-10', 2, 1, 999.95, 3, 203),
        (3, '2023-02-22', '2023-02-24', 2, 0, 349.98, 4, 305),
        (4, '2023-03-06', '2023-03-07', 2, 2, 199.99, 5, 201),
        (5, '2023-03-17', '2023-03-20', 1, 1, 524.97, 1, 307),
        (6, '2023-03-18', '2023-03-23', 3, 0, 924.95, 6, 302),
        (7, '2023-03-29', '2023-03-31', 2, 0, 349.98, 7, 202),
        (8, '2023-03-31', '2023-04-05', 2, 0, 874.95, 8, 304),
        (9, '2023-04-09', '2023-04-13', 1, 0, 799.96, 9, 301),
        (10, '2023-04-23', '2023-04-24', 1, 1, 174.99, 10, 207),
        (11, '2023-05-30', '2023-06-02', 2, 4, 1199.97, 11, 401),
        (12, '2023-06-10', '2023-06-14', 2, 0, 599.96, 12, 206),
        (13, '2023-06-10', '2023-06-14', 1, 0, 599.96, 12, 208),
        (14, '2023-06-17', '2023-06-18', 3, 0, 184.99, 6, 304),
        (15, '2023-06-28', '2023-07-02', 2, 0, 699.96, 1, 205),
        (16, '2023-07-13', '2023-07-14', 3, 1, 184.99, 9, 204),
        (17, '2023-07-18', '2023-07-21', 4, 2, 1259.97, 10, 401),
        (18, '2023-07-28', '2023-07-29', 2, 1, 199.99, 3, 303),
        (19, '2023-08-30', '2023-09-01', 1, 0, 349.98, 3, 305),
        (20, '2023-09-16', '2023-09-17', 2, 0, 149.99, 2, 208),
        (21, '2023-09-13', '2023-09-15', 2, 2, 399.98, 5, 203),
        (22, '2023-11-22', '2023-11-25', 2, 2, 1199.97, 4, 401),
        (23, '2023-11-22', '2023-11-25', 2, 0, 449.97, 2, 206),
        (24, '2023-11-22', '2023-11-25', 2, 2, 599.97, 2, 301),
        (25, '2023-12-24', '2023-12-28', 2, 0, 699.96, 11, 302);
        

-- deleting Jeremiah Pendergrass

SET SQL_SAFE_UPDATES = 0;

DELETE FROM Reservation
WHERE ReservationID = 8;

DELETE FROM Guest g
WHERE FirstName = 'Jeremiah' AND LastName = 'Pendergrass';

SET SQL_SAFE_UPDATES = 1;


